Image,Fluorescence,Background Mean,Time Measured,Var5
NQ1155F13B0001 26-07-06 14-04-33.bmp,102697.5738,14.0167623,7/6/2026 14:04,
NQ1155F13B0004 26-07-06 14-05-31.bmp,104778.3607,14.07639344,7/6/2026 14:05,
NQ1155F13B0005 26-07-06 14-05-50.bmp,150370.8197,14.03680328,7/6/2026 14:05,
NQ1155F13B0006 26-07-06 14-06-09.bmp,24040.63934,14.05860656,7/6/2026 14:06,
NQ1155F13B0007 26-07-06 14-06-37.bmp,127103.1429,14.01710829,7/6/2026 14:06,
NQ1155F13B0008 26-07-06 14-07-19.bmp,122764.9344,14.01565574,7/6/2026 14:07,
NQ1155F13B0009 26-07-06 14-07-29.bmp,132215.1475,14.04602459,7/6/2026 14:07,
NQ1155F13B0011 26-07-06 14-07-48.bmp,527103.1639,14.03586066,7/6/2026 14:07,
NQ1155F13B0012 26-07-06 14-07-59.bmp,581487.1995,14.03842043,7/6/2026 14:08,
NQ1155F13B0013 26-07-06 14-08-19.bmp,452941.5574,14.07942623,7/6/2026 14:08,
NQ1155F13B0014 26-07-06 14-08-28.bmp,58787.14153,14.03155452,7/6/2026 14:08,
NQ1155F13B0016 26-07-06 14-08-54.bmp,128364.377,14.03122951,7/6/2026 14:08,
NQ1155F13B0017 26-07-06 14-09-22.bmp,199356.1475,14.02852459,7/6/2026 14:09,
NQ1155F13B0018 26-07-06 14-09-38.bmp,62083.2623,14.02487705,7/6/2026 14:09,
NQ1155F13B0019 26-07-06 14-09-48.bmp,125952.3443,14.04155738,7/6/2026 14:09,
NQ1155F13B0020 26-07-06 14-10-04.bmp,103262.9344,14.04815574,7/6/2026 14:10,
NQ1155F13B0021 26-07-06 14-10-15.bmp,546190.7377,14.08012295,7/6/2026 14:10,
NQ1155F13B0022 26-07-06 14-10-35.bmp,134764.8852,14.05864754,7/6/2026 14:10,
NQ1155F13B0023 26-07-06 14-10-45.bmp,119705.541,14.05209016,7/6/2026 14:10,
NQ1155F13B0024 26-07-06 14-10-57.bmp,124861.6393,14.07110656,7/6/2026 14:11,
NQ1155F13B0025 26-07-06 14-11-06.bmp,136317.4426,14.03557377,7/6/2026 14:11,
NQ1155F13B0026 26-07-06 14-11-18.bmp,591086.8033,14.03446721,7/6/2026 14:11,
NQ1155F13B0027 26-07-06 14-11-37.bmp,91982.80328,14.01696721,7/6/2026 14:11,
NQ1155F13B0028 26-07-06 14-11-44.bmp,501773.4426,14.02057377,7/6/2026 14:11,
NQ1155F13B0029 26-07-06 14-11-57.bmp,133755.6721,14.02827869,7/6/2026 14:12,
NQ1155F13B0030 26-07-06 14-12-51.bmp,138567.5765,14.04296009,7/6/2026 14:12,
NQ1155F13B0032 26-07-06 14-13-24.bmp,147351.0984,14.03401639,7/6/2026 14:13,
NQ1155F13B0034 26-07-06 14-14-16.bmp,22557.11475,13.99135246,7/6/2026 14:14,
NQ1155F13B0035 26-07-06 14-14-31.bmp,191195.8197,14.01430328,7/6/2026 14:14,
NQ1155F13B0036 26-07-06 14-14-43.bmp,137341.0984,14.02651639,7/6/2026 14:14,
NQ1155F13B0037 26-07-06 14-14-57.bmp,113924.2951,14.02454918,7/6/2026 14:15,
NQ1155F13B0038 26-07-06 14-15-09.bmp,537477.3115,14.06688525,7/6/2026 14:15,
NQ1155F13B0039 26-07-06 14-15-20.bmp,128198.459,14.02540984,7/6/2026 14:15,
NQ1155F13B0040 26-07-06 14-15-32.bmp,99767.19672,14.01053279,7/6/2026 14:15,
NQ1155F13B0042 26-07-06 14-15-50.bmp,129029.1148,14.01135246,7/6/2026 14:15,
NQ1155F13B0043 26-07-06 14-16-16.bmp,179210.3934,13.99856557,7/6/2026 14:16,
NQ1155F13B0044 26-07-06 14-16-33.bmp,110244.7213,14.02028689,7/6/2026 14:16,
NQ1155F13B0045 26-07-06 14-16-46.bmp,149175.0984,14.03901639,7/6/2026 14:16,
NQ1155F13B0046 26-07-06 14-17-00.bmp,208123.9498,13.98862876,7/6/2026 14:17,
NQ1155F13B0047 26-07-06 14-17-10.bmp,139777.4426,13.99307377,7/6/2026 14:17,
NQ1155F13B0048 26-07-06 14-17-21.bmp,140171.1803,13.96569672,7/6/2026 14:17,
NQ1155F13B0050 26-07-06 14-17-47.bmp,24716.2623,14.01737705,7/6/2026 14:17,
NQ1155F13B0051 26-07-06 14-17-57.bmp,133860.7377,14.03262295,7/6/2026 14:18,
NQ1155F13B0052 26-07-06 14-18-13.bmp,611608.2295,14.12270492,7/6/2026 14:18,
NQ1155F13B0053 26-07-06 14-18-25.bmp,42656.59016,14.05909836,7/6/2026 14:18,
NQ1155F13B0054 26-07-06 14-18-52.bmp,485368.7869,14.02213115,7/6/2026 14:18,
NQ1155F13B0055 26-07-06 14-19-10.bmp,454360.0656,13.99684426,7/6/2026 14:19,
NQ1155F13B0056 26-07-06 14-19-23.bmp,761655.377,14.04872951,7/6/2026 14:19,
NQ1155F13B0057 26-07-06 14-19-40.bmp,118966.5574,13.96192623,7/6/2026 14:19,
NQ1155F13B0058 26-07-06 14-19-57.bmp,24165.70492,14.01295082,7/6/2026 14:20,
NQ1155F13B0059 26-07-06 14-23-20.bmp,166504.4262,14.1932377,7/6/2026 14:23,Parent
NQ1155F13B0060 26-07-06 14-26-21.bmp,188880.7869,14.09463115,7/6/2026 14:26,Parent
NQ1155F13B0061 26-07-06 14-28-22.bmp,143110.5246,14.0722541,7/6/2026 14:28,Parent
NQ1155F13B0062 26-07-06 14-29-41.bmp,220309.1475,14.30352459,7/6/2026 14:29,Parent
NQ1155F13B0063 26-07-06 14-31-44.bmp,955056.623,14.35127049,7/6/2026 14:31,Parent
NQ1155F13B0064 26-07-06 14-32-51.bmp,598493.5246,14.3472541,7/6/2026 14:32,Parent
NQ1155F13B0065 26-07-06 14-34-26.bmp,214205.3443,14.29405738,7/6/2026 14:34,Parent
NQ1155F13B0066 26-07-06 14-34-56.bmp,210745.4426,14.25807377,7/6/2026 14:35,Parent
NQ1155F13B0067 26-07-06 14-36-40.bmp,198328.7869,14.31463115,7/6/2026 14:36,Parent
NQ1155F13B0068 26-07-06 14-36-57.bmp,967046.1967,14.28303279,7/6/2026 14:37,Parent
